Code,1990,1991,1992,1993,1994,1995,1996,1997,1998,1999,2000,2001,2002,2003,2004,2005,2006,2007,2008,2009,2010,2011
USA,12.81933155,15.4161775,17.54290214,19.62149747,21.28257945,22.15729426,21.90100745,13.93692441,11.96284991,8.959288991,7.088116354,7.018308363,6.953493813,6.893985901,6.8304775,6.767809344,6.702864099,6.639418339,6.24806873,6.193534342,6.465665819,6.418736219
ZMB,407.9282903,460.2999962,510.3603144,557.9921212,602.8652097,633.3882948,661.2800994,675.9592103,689.1163367,691.1145737,702.9020251,694.837368,696.4428616,688.4195622,662.2131342,619.0049156,568.6827915,511.9896413,401.395991,311.8900843,257.2447498,227.3761467
ZWE,219.8478232,298.1445718,391.5759447,490.5982641,594.9956491,704.5058476,810.3926099,913.1803723,981.2339016,1130.424595,1199.64951,1191.728167,1265.730459,1262.51637,1181.749347,1180.118404,1100.256297,1020.395348,860.4478036,760.3431103,596.4680831,434.172749
TZA,86.32591943,113.906447,146.8639103,181.126897,216.7381507,253.8045469,289.1445425,316.5955693,339.7333643,361.6299421,352.7283775,372.541961,363.0626029,353.6372722,344.2328122,334.8411143,325.4691068,291.8309726,236.1063791,219.9829183,202.3421437,181.2117618
CIV,140.3125801,159.6159258,185.3139469,209.3401129,231.9031816,253.21032,273.3661231,285.8634095,297.995591,303.7542507,309.9558053,304.5034909,299.8503087,295.6865075,285.8088609,270.2082109,243.4547888,211.7102393,191.6753322,161.2786862,131.7412804,118.6181257
MWI,148.1932648,186.3832923,225.4229087,275.4923533,314.6653225,361.2983255,403.8090023,432.5151844,467.2818588,499.4230755,521.1325429,542.020995,561.761106,580.1251256,588.7458369,595.7563886,563.5904771,495.8524133,438.5280255,377.401526,326.3687138,284.6508928
RWA,194.0483702,200.7552988,229.1790805,247.2689964,279.3069835,282.4939555,286.6984565,278.1801086,278.9533336,267.4132165,250.1317063,239.7259453,233.6572602,230.1075578,226.9196021,212.1012907,165.6152513,120.868525,93.90625671,80.72429254,67.36348191,57.42838389
BFA,136.1928845,143.6449803,150.5843317,157.0274001,162.9894548,158.5747932,154.2531151,150.0236944,145.8811018,141.8195555,137.8366401,125.5642018,121.9869329,118.491967,107.4092595,96.85642056,79.58179334,70.2490152,64.12160294,55.64768707,48.90515514,42.51245349
ETH,24.97775159,32.16475883,40.75639364,50.60172289,63.40585109,77.16114468,90.11288867,103.987383,117.0735926,129.3663339,139.3428491,147.1521656,157.2589052,152.7997088,148.5158935,144.4190442,140.5020924,124.3151664,106.5102064,89.58246462,74.63090911,60.40737188
FRA,13.8676779,14.00343241,13.76399059,13.36602697,12.97917754,12.59642331,9.372068091,4.50271724,2.824615722,2.810127767,2.955128492,2.933711565,2.912469185,2.891915897,2.870716287,2.374310116,1.886259347,1.874631752,1.864190636,2.009182862,1.999039385,1.988630753
CAF,257.4820861,291.9866774,321.2283773,351.9837806,374.925835,396.8623452,388.0250688,408.7909919,428.7993048,420.2242148,412.2786476,431.9601949,424.7132124,391.6821338,385.2480805,378.702097,347.2134385,340.8899712,310.6253462,257.8378608,252.8781557,225.4172868
KEN,28.14926395,45.38505007,67.89966873,100.6225751,138.91674,186.0086687,237.7047738,286.7641386,333.3081276,360.9090012,383.5697881,404.6522433,424.2356879,412.9183146,401.8991919,363.2734154,326.4640047,264.8844955,239.8559193,205.9021913,171.1106799,147.5210831
BEN,111.9715368,123.4919272,128.2950921,128.9763221,126.1492979,121.9581874,116.5743085,110.0403832,103.8724092,99.39928708,93.53371228,89.19971272,84.96584643,78.27093248,71.94429845,67.21775448,55.66299303,47.08589961,40.11905106,34.62910015,30.49486435,28.63045698
MEX,5.576402264,6.030258655,6.461825607,6.873690139,7.162590385,7.547751558,7.818806726,7.982333137,7.44942829,7.525647235,7.605396817,7.404603292,7.12119499,6.663192429,6.125347465,6.050654308,5.886723702,5.373037721,4.870918952,4.466480916,4.24137121,4.105185475
BRA,3.073873034,3.746215854,4.527872727,5.349939171,6.272230785,7.412403184,7.907907045,7.787907389,6.490734444,5.813738448,5.730498178,6.215805828,6.68919558,6.602368729,7.064822568,6.983900385,6.378421714,7.368538329,7.300580714,7.23548157,7.684026518,7.616721148
NGA,4.601675324,7.74835204,11.92934938,18.42071476,26.47684133,36.8919196,48.57591169,62.29191375,77.86604526,91.79526571,105.7970888,119.0429027,131.5538574,143.3419772,154.4126162,150.4450045,153.5081043,149.4693637,145.4948704,135.1516421,131.4901503,127.8983245
HTI,54.85142577,68.91758862,82.43396971,96.75304726,107.9183321,118.6490694,125.2056816,135.1953918,132.7590098,130.434695,139.8889329,137.610781,135.4457605,122.2734548,120.4828119,118.7792217,106.5116766,91.4469365,78.85244788,67.58726668,59.61763874,57.81001317
GHA,22.55840628,27.91986441,33.60976286,40.23318905,47.73772746,54.88956875,64.06839802,68.30421857,77.9126966,81.59134897,90.30528179,93.29619177,101.0800045,103.4396848,100.7894502,102.8804949,100.237933,93.22701724,86.54210172,80.19742749,70.06581777,60.43341394
TCD,53.76728912,65.11945024,75.72251107,88.65222481,99.17785995,110.3096392,120.5600471,129.968498,142.4074313,149.9456634,156.6047889,150.7960232,156.2506278,161.0957259,165.5453727,159.7697239,154.4875445,149.611487,135.9850047,114.3226493,93.85040127,99.33744408
ESP,6.949729134,8.21797163,9.726693977,11.48269685,12.97876138,14.47177378,9.37226447,5.305386511,5.035106271,5.259695196,5.215678748,5.157109626,4.840977168,4.761392119,4.450514947,4.378067513,4.080111539,4.010789469,3.731694174,2.831713818,2.170564193,2.16569278
COG,109.093213,134.8579088,163.2283218,186.1602281,203.9415866,216.8612966,225.1952765,229.2993896,229.6244593,226.6423689,220.7149629,215.2458982,207.0822747,202.1752872,194.2666405,186.2898043,170.0189187,159.6229493,149.620467,130.1579467,116.7396087,108.8664892
MLI,31.39100053,38.12816302,45.65802404,52.72198945,59.36451203,66.74933943,72.65111622,78.20545122,83.39884261,87.19786941,90.63817756,91.83198949,91.88928224,89.12864892,86.40849651,82.90583789,80.32099189,70.72341964,61.65181657,55.3126062,50.05018962,45.78012348
ZAF,6.25,10.01861577,16.08035215,26.1516071,41.79376469,66.46216769,102.4993672,149.0492744,212.4121094,279.5672376,363.6363636,467.6045984,571.0107672,650.5264689,728.6010254,783.9237328,817.0799716,808.1681849,778.7998866,689.3734103,600.1044182,533.7365271
BDI,37.46071308,48.6975662,61.19660787,76.61936698,94.88831727,114.3331407,133.4502188,152.2865033,170.6042119,183.3384184,194.7773889,190.0758198,184.7187309,178.9563814,173.0847605,154.4323633,136.7720479,120.0723508,105.5160547,89.61891461,74.73393905,60.79433883
THA,3.711380042,7.694416393,13.5273406,20.66485307,30.77388894,40.68903214,52.04648806,63.11564642,73.88793486,84.38388156,93.03313508,98.30492189,97.18197204,91.48941007,84.50176225,68.63995138,51.60588326,43.88823954,39.28362384,36.2114741,34.63734608,34.54681162
CMR,13.25561236,19.30759893,27.35052139,37.20789807,49.4576343,63.89283234,76.83201218,95.17706537,119.142894,135.3646366,156.9591315,171.2492141,190.6799911,203.2133606,209.335693,203.9946115,198.7971483,198.9770902,188.823429,179.0693319,169.7023755,160.7088432
ITA,2.820912269,4.40462499,6.338353233,8.094057025,9.851627454,11.43474307,7.386526985,4.042863351,2.635891451,1.756965406,1.756169617,1.755087476,1.749554555,1.735970727,1.71894228,1.706279568,1.696597503,1.684202329,1.671341437,1.66133108,1.653346617,1.646807025
BOL,22.0781549,24.43674735,25.26920832,27.42451573,28.13590392,27.50360756,26.89909879,26.3206677,25.76619461,25.23308158,25.89676068,25.3775897,24.87745029,24.39893501,23.94529154,23.51756746,22.06486124,21.70216038,20.33740156,19.01253687,16.73788308,15.49720106
TGO,39.60289386,46.29967827,55.20198406,66.13720973,76.52790961,86.35786184,97.90133685,111.0052614,123.3576658,137.1026291,150.0590061,162.2523023,173.7034792,184.4472553,185.2589114,198.5482871,193.462889,188.5238344,183.7163513,179.0231423,158.5787789,137.5089922
AGO,13.54771758,15.95835508,19.08612368,22.86285907,26.3977345,30.56600307,34.53275773,39.08879943,44.14828893,48.11031562,53.14209838,57.002702,61.12890716,64.84632232,68.85019855,72.53220067,70.0835963,73.39315289,70.98223746,68.68621758,66.49914339,59.46337279
CAN,4.67777338,5.6794621,6.66208564,7.283217537,7.900547522,8.516726852,7.7514416,3.334756163,1.653007316,1.639387263,1.624975219,1.608653268,1.594286079,1.578482132,1.562744179,1.547412726,1.534868812,1.518486802,3.001411083,1.482495508,1.465135046,1.449948853
COL,3.302614911,4.417314152,6.067931183,8.224510766,10.3019777,12.85069583,15.03915929,17.14978128,19.18686283,20.90017833,22.3068915,22.92975841,18.92454986,19.10582312,20.45729196,21.53574102,22.58141112,20.67490532,21.70396645,24.01612434,23.68403023,20.60375721
PER,5.052352708,5.852334174,7.505647337,9.098102894,11.05848501,13.36716284,16.00591973,18.55597784,21.02605815,23.03654275,24.61530888,25.78457338,26.18789312,25.48633279,24.44912384,24.16741366,22.475367,20.47414592,17.81620302,14.17003202,11.96056567,10.13004034
VEN,5.57221987,6.429655391,7.2493042,8.03392699,9.247867684,9.958291056,11.08311369,12.16323901,13.2012077,14.19920533,15.1592419,15.27918222,13.4208997,11.62916049,10.66206634,10.10256082,9.929799261,10.12440837,10.66844493,11.19545017,10.67372445,9.830300206
BWA,72.25892976,105.2991443,150.1632684,212.5817859,291.2875882,378.9187301,481.1877193,591.3057539,709.1578278,811.6299617,911.4861497,1009.336927,1105.597863,1091.344438,970.4869526,799.6566807,632.9300865,511.6993797,480.9385438,384.2774176,274.203401,211.4057425
ECU,9.877915874,9.651922711,9.435593019,9.228219119,10.83477029,11.48836141,12.11371211,12.7126304,14.11672405,14.64963565,15.95776045,17.21322705,17.65151775,18.82557622,19.21784693,18.87185365,18.54030337,18.222089,17.22664518,15.58643205,13.99899954,13.11778108
DEU,1.258922154,1.749696078,2.108537645,2.464378548,2.824222318,3.060797815,1.831170231,1.218995297,1.21881071,1.218023191,1.21637472,1.214330189,1.212290272,1.211619293,1.211882361,1.212570642,1.213939163,1.215563511,1.217877017,1.220966828,1.222838764,0.611264333
GIN,16.61098388,20.46676827,23.75916993,26.62515012,30.60931298,34.45119816,38.29642197,42.18657604,46.11443877,49.99470405,53.73806558,57.3333065,59.69655577,61.92568679,62.90232836,64.74295845,62.25148518,56.73353958,55.26105614,49.08787182,40.45592727,35.83738072
HND,20.3927896,21.81768704,32.81293308,46.99388572,62.30313812,76.89645892,89.1041521,100.8078467,107.0206911,111.3406147,112.259346,109.9757425,104.6830098,98.06626896,85.7680365,73.92563226,65.36478952,58.50856649,50.53010174,45.51634546,39.36385904,36.00513279
NER,12.89672419,12.49366259,12.09153583,14.03047325,15.81605834,17.45376226,18.94815627,21.32061731,22.51413153,24.5369639,26.38806932,28.07895873,28.77138486,30.19412373,31.47401383,31.85728422,31.43342638,30.28747249,29.85500982,29.40609875,25.16713178,24.22559553
SOM,15.81874252,15.82395909,15.88810453,19.1410639,22.29686008,26.78667095,29.31630519,31.46890557,33.30930236,34.96971064,36.55853645,36.79724651,37.05632715,37.32408227,37.57591699,36.61299988,35.68275088,34.7890454,33.91588794,33.04603184,32.17044775,31.28815452
GBR,1.746798546,1.915545447,2.084042414,2.425560669,2.592207186,2.757715874,2.234946134,1.714767201,0.854888769,0.852043266,0.84900434,0.845909756,0.842803509,0.83940138,0.835172578,0.830229562,0.825141984,0.819851571,0.814418186,0.808917153,0.802939697,0.79678136
AUS,2.929956461,5.785697755,5.715918834,5.660270561,5.600672081,5.533421868,5.461198187,2.700221418,2.672224894,2.641868329,1.044222837,1.03023747,1.017739194,1.005257497,0.99367032,0.980642124,0.966281603,0.951660409,0.935261218,0.918324242,0.906400547,0.895900806
BHS,195.0549665,191.4960437,375.8028088,368.8607735,362.5552897,357.079093,352.5123556,348.620335,344.9155992,340.7828464,335.8420736,330.0275573,323.5837548,316.832687,310.1736973,303.8700895,148.9771231,146.1778868,143.5379227,141.0469066,138.6970247,136.4885855
KHM,5.520385182,10.66304408,11.3148062,16.86942391,23.00995526,29.71437613,36.96820671,42.99770147,48.77910187,53.50961631,56.4515489,58.52835972,59.79856068,58.7581814,54.75540835,46.41961052,35.41114628,21.82248601,16.49866956,12.7260419,10.4420968,9.585192575
DOM,6.901190276,13.52742665,13.26185899,14.30764772,17.8700006,22.56214178,27.09836831,31.4903562,35.74605715,39.86922425,42.70830195,45.45817178,45.88562102,47.40215259,47.78770616,46.02197796,41.14241299,35.36135929,27.69175386,22.25759831,19.96646233,16.75273301
GAB,52.81487436,51.41181999,50.05891935,48.75389909,94.98732869,92.55171558,90.19588743,87.91888955,111.4421037,125.4265548,146.875589,167.2908208,178.9440434,189.9955921,200.4268349,195.728054,169.86256,172.7249362,175.3388592,177.730383,167.071279,156.8347978
GTM,5.624088827,5.495343081,5.368888259,5.24518623,10.24968436,10.01616509,9.789886519,9.569711328,10.28894154,11.88092064,13.38785702,14.80967305,16.14858328,16.57985042,12.93681981,14.19679391,16.15959648,15.01734766,13.18844894,12.15241589,14.64274219,16.99919587
HUN,4.819747237,4.820020437,4.821907197,4.827409024,4.834021456,4.840756068,4.849078258,4.858857006,4.870175726,4.883990572,4.896693958,4.907938846,4.921934186,4.936052453,1.978797971,1.982737298,1.985827152,1.988905883,1.992391456,1.995480237,1.9999954,1.002835316
JAM,20.92050209,20.78101723,41.27040869,40.96642004,44.71540981,56.4516129,71.7153353,82.87068226,93.86806655,104.8833141,111.9955519,119.0115765,122.2542823,125.6807708,125.0900269,120.7364926,105.1406256,97.16720233,89.31229533,77.90473364,66.6370502,59.1169407
JPN,0.404737042,0.403482864,0.402482512,0.401490332,0.400124839,0.797200233,0.397579536,0.396539008,0.395538328,0.157915515,0.15764168,0.157295771,0.156930441,0.156594998,0.156542294,0.156527592,0.15654842,0.156530348,0.156612117,0.156791472,0.156923719,0.156473369
MDG,4.330585836,4.202292653,8.154013662,7.908974662,7.66885633,7.433548168,7.203237769,6.978737671,8.113455862,8.517431612,8.89181839,9.238861336,10.15772618,10.43764161,10.69617038,10.93470157,11.685888,11.35716993,11.5422533,11.70977613,11.85984584,11.99320963
MRT,24.70156801,24.02252352,23.35404214,22.69667348,22.05136822,21.41889009,20.8003561,40.39219203,39.21096558,38.05552987,36.92632644,35.82427905,34.75322258,33.71922741,32.72867113,31.78473849,33.97459874,33.032666,32.13648306,34.12894541,36.01686698,40.51028921
MOZ,3.685152645,7.197586563,9.755785512,18.12905713,31.70810117,50.68337775,72.88883857,106.4167654,138.3226386,174.1758756,207.9273051,244.8668587,279.5046391,306.9420222,332.7001104,356.9664817,365.9556211,356.3148279,333.8821155,316.7669227,308.7544616,301.0410284
MMR,1.186999892,1.168705243,2.302957622,3.178011069,4.699448873,6.618153834,8.479767319,10.50049765,12.89062721,15.23193331,17.74915898,20.45232233,24.35988663,26.22175634,30.07508606,31.88456512,33.66331967,33.44550102,33.21998284,32.98377644,32.73559989,30.56306935
NAM,35.32452999,68.2057522,66.06376871,64.12393875,87.18243797,114.8581743,152.4650371,199.0933856,254.183108,312.3066593,379.3560747,445.3000649,510.6462075,555.2086903,599.0056506,641.3336583,584.5301182,480.6074879,388.4799585,307.907915,261.591846,234.4858312
PAN,20.10635457,19.69170664,38.57850552,37.79400904,37.02575104,43.52550812,53.29496096,59.16566665,64.77788006,70.14766083,65.4704774,67.38525014,69.21612736,67.88436824,63.57211727,59.41895982,55.41767573,51.5606551,47.84042685,41.48406763,35.34406633,32.08314239
SEN,6.654147996,6.451940912,6.257064226,6.071950672,5.899171827,11.47904248,11.18530948,10.91220585,10.65214226,10.39656231,12.16831333,13.83519789,14.43688914,14.99034762,15.50024582,15.97043553,13.81343659,14.27974559,14.70733506,15.8896281,13.89900857,12.00233716
SRB,6.591088848,6.58272724,6.539004078,6.494091152,6.464425609,6.460794236,6.486028015,6.536263203,6.606987947,6.630947081,6.652168487,6.663616507,6.666639111,6.683963874,6.699577672,2.687894222,2.698483951,2.709447396,2.72100662,1.365969626,2.742943914,2.755297231
SDN,2.498899984,4.79827454,4.593101501,6.155066345,8.022560792,10.19171762,12.27089983,14.66971673,16.98673898,18.82928722,20.19488205,21.1008971,21.58537597,21.35185322,20.79368724,19.94562695,19.13725844,18.0623603,16.7449739,16.35431925,15.70739281,15.37155674
SWZ,57.95569403,112.7080591,110.1385874,107.9652438,137.6793406,186.832851,243.7770821,297.9856172,369.4004242,448.4086739,535.8578191,623.3944105,711.5247606,781.3009856,849.5028125,896.2179602,876.366976,810.5891133,745.2798222,690.138181,653.7328144,560.9825114
SLV,3.742356704,3.686436843,3.629014552,8.932843242,8.806316172,8.698658128,8.610668618,8.539380034,16.96347662,16.86679399,16.78191929,16.70760308,16.6436208,16.58549174,16.52811424,16.46757912,8.201168765,8.165995748,8.12773417,8.08605634,8.040918627,7.992018212
GNQ,53.4972489,51.75742331,50.04691899,48.38081507,46.78329743,113.1659533,109.5556641,106.0922408,102.766051,99.5680737,96.49175285,93.52927092,181.3568759,175.8854071,170.6534149,165.6594572,160.8966448,156.3433174,151.96991,147.743004,143.6436947,139.6655847
ERI,6.11141787,6.039159723,6.002548682,14.94935458,14.8547223,14.67217088,14.39512132,28.0871026,27.26021236,28.98257462,33.00038484,36.57101396,39.70500582,42.48151998,45.01104057,43.26269977,39.72166237,34.54996558,29.72782504,26.98866422,24.38532011,23.59741993
GRC,1.969104359,4.875056209,4.821663076,4.777589817,4.737973483,4.701729343,4.668894601,1.855889442,1.84589031,1.837799492,1.831924248,1.826491191,4.550607902,4.535758743,4.52010048,4.502896038,4.484924375,4.467172225,4.449548967,4.431539801,1.768737251,1.769915264
GUY,27.58457085,27.65261131,27.66221121,27.62377523,68.88579974,68.6684905,68.41208705,68.11441587,67.79422014,134.9443894,134.3235667,133.751172,133.2216048,132.6942777,132.111042,131.4347151,65.3281367,64.90076025,64.45466839,64.01597839,63.60303565,63.22055629
IRN,0.354849843,0.347993772,0.85752325,0.847710072,0.838038824,0.826878827,1.62758067,1.598911947,2.040387205,2.929442647,3.79299059,4.786290341,5.758389154,6.711098907,7.499048991,8.267716176,9.017058358,9.608794102,10.04667064,10.47007168,10.74368975,11.00441323
KOR,0.466537591,0.46223537,0.45805373,1.134919194,1.124783479,1.108819551,1.098297639,1.088044566,0.432086763,0.214514018,0.212729748,0.211162025,0.419973962,0.417894231,0.4163284,0.415472184,0.413462334,0.41153957,1.021471327,1.016632101,1.011940903,1.004439623
LBR,9.510779756,24.20065245,24.6466654,24.92088864,49.52583961,48.07874914,45.5000248,54.96154806,62.54678793,69.29867913,76.07276429,83.36751401,91.18522226,96.02390611,100.4822205,103.9823401,100.4493335,93.68894249,87.12902774,78.50443812,68.21644319,56.37673582
MYS,1.098231479,2.672373003,5.206946984,5.07577884,6.433558709,8.685006119,11.28889501,13.29919262,15.2090867,17.47026386,19.21373059,20.4800336,20.88982889,20.89137553,21.2891033,22.44281011,22.7902065,23.86828971,22.34240073,21.59024846,21.57319138,20.51533977
NLD,1.337657534,1.327157803,3.292903937,3.270032481,3.250375516,3.234360605,6.438943555,3.202941582,3.183251716,3.162137727,3.139616287,1.246402571,1.238472223,1.232642696,1.228366998,1.225500108,1.223533367,1.220874811,1.216131276,1.209892956,1.203703024,1.19810168
POL,0.524785873,0.522927864,1.303316495,1.30000441,1.297264132,1.295504666,1.294519496,1.293672441,0.517283997,0.517326948,0.520105227,0.522902119,0.523144378,0.523497582,0.523803984,0.524034241,0.52436643,0.524651264,0.52457972,0.524224369,0.523783942,0.519020048
PRT,2.003362042,2.006445103,2.006027511,5.00871968,4.997960332,4.984857995,9.942471864,4.954851394,4.936180127,4.915478833,4.889575776,4.857670733,4.822343422,4.788778933,4.761011505,4.739595261,4.723958329,4.713274986,4.707028431,4.702570858,4.700420575,4.736194443
CHE,2.97817637,7.352964965,7.272342235,7.206412554,7.149194393,14.20315944,14.14057142,7.053274511,1.406469563,1.399777799,2.783867488,2.766307591,2.745460278,1.362583273,1.353248643,1.344607418,1.336195643,1.324307384,1.307586946,1.291350496,2.555940267,2.527678714
AFG,0.852428223,0.792892952,0.724014609,0.65896447,1.213222818,1.137263561,1.086053032,1.051456936,1.025807469,1.000646868,0.971092518,0.936865479,0.900787045,0.865196277,2.081712893,2.011193903,1.950741286,1.897587722,1.849646183,1.804520808,1.760699029,1.717889552
ARM,2.821117191,2.847451758,2.898973387,2.967647009,3.039566339,3.102532815,3.151169478,3.187096593,3.212378709,6.464500197,6.501743443,6.536033151,16.40957243,16.46886462,16.52536379,16.58420447,16.65051012,16.723068,16.79267893,16.84548713,16.87196473,16.86841288
AUT,1.302447951,1.289508776,1.275394865,1.264920848,1.260061909,1.258134152,1.256436567,1.255013623,1.253637272,1.251200527,1.248195421,1.243426471,1.237324079,1.231311311,1.223695742,1.215387437,1.20938858,1.204704903,1.199482879,1.195417963,1.191927646,1.187135957
AZE,1.396843135,1.37532664,1.354646437,1.334222815,1.316309069,1.301236174,1.288161793,1.27579498,1.263743207,1.252701137,2.484904207,2.465726403,2.447396276,6.072309056,6.019382411,5.958161788,5.893064452,5.826623006,5.705548075,5.588313629,5.522218536,5.450730736
BGD,0.093122141,0.090963181,0.088943466,0.087034063,0.170402033,0.166847996,0.163397497,0.160070027,0.156889171,0.153885427,0.151076497,0.148445586,0.145978711,0.143692627,0.141607923,0.349320132,0.345140112,0.341396977,0.337906408,0.334441226,0.330850904,0.327091488
BRB,38.56001481,38.4356683,38.31960853,38.2096487,38.10380238,37.99897403,37.8954389,37.79203797,37.68323473,37.56291789,37.42655039,37.27226645,37.10244728,36.92162278,36.73701806,36.55398292,36.37382103,36.19555736,36.01864325,35.84152312,35.66384685,35.4856567
BLR,0.981450584,0.980969198,0.978856695,0.976657877,0.977803853,0.980969198,0.984251969,0.988435307,0.993147284,0.996512207,0.99950025,1.007252216,2.027369488,5.103603144,5.138746146,5.174376488,10.4123282,10.46025105,10.49538203,10.51856527,11.59114858,11.61194975
BEL,1.003272776,0.999551601,0.995504501,0.991623262,0.988571813,1.973007093,1.969155735,1.964396299,0.980103123,0.977859405,0.975490794,0.972141345,0.967793291,0.963750176,0.959588191,0.954324411,0.948050798,0.941114468,0.93370917,0.926226692,0.917802861,1.810324352
BLZ,53.31854632,52.2553405,51.30994284,50.39814535,49.41981141,96.63609745,94.17304297,91.53988393,88.85611086,86.25894937,209.5680384,203.9168346,198.59711,193.5388974,188.6507697,183.8776111,179.2211051,174.7054466,170.332216,166.1041274,162.0246602,158.0877703
BTN,18.66584039,18.69490844,18.92849571,19.26574397,19.54697921,19.64231347,19.50861696,19.18848077,18.73581933,18.22825051,17.71950031,17.21502252,16.70969413,16.22367911,15.77553309,15.37475189,15.02476081,14.71962789,14.44754746,14.19361798,13.94818806,13.70935348
BGR,1.147014053,1.158430822,1.170937701,1.180315222,1.184330222,1.189616975,1.195768033,1.203070042,1.211125007,1.217934228,1.22396444,1.246838952,1.270895427,2.556381963,2.570310523,2.584012713,2.597733218,2.611046502,2.623503046,6.591843964,6.636326268,6.804268944
CPV,28.41231958,55.61085746,54.21920282,52.75652862,51.34735458,50.06546059,48.92487585,47.89707876,46.95585211,46.06511765,113.0132497,110.9109784,108.8992464,107.0803681,105.5794517,104.4602435,103.7473544,103.3670792,103.1670212,102.941237,41.01714311,40.77006499
COM,24.22539306,23.6423946,23.07944406,22.53165698,21.99421552,21.46406379,20.94030338,20.42371029,19.91524074,19.41642008,18.92820909,18.45100152,17.98470581,17.52876031,17.08265786,16.6463304,16.21991611,15.80437971,15.40141477,15.01282846,14.63955226,14.28130748
CRI,3.248281416,3.168588891,3.092559056,6.038087653,5.893489904,5.750105586,5.607573589,5.467438669,13.33125366,13.01495627,12.72398022,4.983196661,2.44269439,4.794846499,4.709942878,4.629490316,4.553222965,11.20265924,11.03092608,10.86620142,10.70736035,10.55368873
HRV,2.092050209,2.2172949,2.237136465,2.155172414,2.150537634,2.14178625,2.225189141,2.187226597,2.221728505,2.195871761,2.259376412,2.252252252,2.252252252,2.252252252,2.252759631,2.251238181,2.252252252,2.254283138,2.255299955,2.257846015,2.263570103,2.336121105
CUB,0.943321384,0.935906239,0.929550225,1.848163909,1.838434176,1.829489226,1.821367887,1.814182535,1.807678058,1.801545366,4.488968629,4.474086761,1.783783181,1.778421804,0.887046749,1.771153193,1.769739229,4.424123364,1.770482603,1.771663413,1.772771785,1.773670273
CZE,0.967739906,0.9700659,0.969074601,0.9680678,0.96771818,0.968311709,0.969439299,0.970484556,0.971404475,0.972397524,0.973489733,0.976897259,0.979925923,0.979685055,0.978855162,0.976960535,0.973791948,0.967664522,0.959293714,0.953545367,0.950589137,0.952735915
DNK,1.945169939,1.940128413,1.933723559,1.927291762,1.920794133,1.910813542,3.800060573,1.89215081,1.88529169,1.879063828,1.872793849,1.866095343,1.860142922,1.855090015,1.850302053,1.845211823,1.839157578,1.831019596,1.820293027,1.810579032,1.802554328,1.795147787
DJI,16.9513361,16.32415861,31.77765808,31.15750117,76.59395857,75.30131822,73.97642519,145.3706005,142.873063,140.5181184,138.3342071,136.2895444,147.7632671,145.6789633,156.7037881,154.5226859,139.6747356,137.7255255,123.4415504,121.6744843,119.8989012,118.1131193
EGY,0.177504456,0.174253705,0.171318794,0.168611948,0.166025079,0.163483114,0.321938886,0.316987006,0.312088224,0.768075383,0.756011158,0.744001241,1.464066379,1.4402482,1.416605403,1.393190791,1.370036539,1.347171896,1.32464504,1.302506936,1.280808159,1.25956536
EST,6.372779564,6.404861546,6.522770012,6.69286701,6.837541384,6.960715116,7.064172355,7.14523038,7.214195228,7.269269744,7.301855036,7.330835473,14.72055962,14.7758831,37.05652602,37.1444257,37.21492438,37.2669326,37.29464635,37.30588814,37.30895019,37.31543784
FJI,13.72987029,13.60157452,13.43472069,13.24638407,13.0605592,12.89346005,12.74458451,12.60878227,12.49038241,12.3937699,12.32062707,12.27445686,12.25134367,12.23654714,12.21008675,12.15829123,12.07641958,11.97042825,11.85043331,11.73049424,11.62035375,11.52178597
FIN,2.00544237,1.994519062,1.983343091,1.973769784,1.965280181,1.95779388,1.951382096,1.945587747,1.940429588,1.935930759,1.931915809,1.927522086,1.922855795,1.918276068,1.912714425,1.906179376,1.898877915,1.890816682,1.882034457,1.873055183,1.86450563,1.855882554
GMB,10.90737349,10.53209181,10.20756054,9.918253753,9.647108762,9.383098787,18.24934074,17.74644938,17.25222144,16.7624501,40.68801811,39.47292591,38.26529636,37.07691532,35.92124339,69.61126979,67.46163457,65.38486184,63.3719987,61.41253749,59.50114242,57.63801711
GEO,2.082465639,2.067867408,2.051913409,2.036203702,2.056935988,2.112378538,2.166330885,2.206726101,2.228511577,2.245929253,2.263313944,2.279773846,2.295157218,2.310055672,2.315726096,2.292841748,2.2737608,2.278734846,2.281125964,2.26711102,4.491555875,4.46090021
GNB,9.829120736,9.608760114,18.78479296,18.3615106,17.94930936,17.5489858,42.90133123,41.95785417,41.03958186,40.14355335,39.26767359,76.81978386,75.14000461,73.49920143,71.90152942,70.34748138,68.83928024,74.1071603,65.92305461,64.47848192,63.02690493,61.56771094
ISL,39.24246348,38.7902109,38.30581061,37.91828609,37.59101725,37.38765011,37.18633328,36.88294828,36.49009112,36.05149596,35.56124535,35.09165941,34.77982631,34.53980886,34.23789861,33.70021636,32.91834276,32.09592831,31.50459652,31.39727283,31.44248697,31.34658667
IDN,0.055980623,0.055009637,0.054078361,0.053186036,0.052332547,0.051516503,0.050736211,0.049987392,0.049263287,0.048556222,0.047860928,0.094352809,0.232516735,0.458409394,0.542265539,0.980038832,1.449212856,2.121461848,3.031034088,3.958113158,4.985946176,6.152542723
IRL,2.845780874,2.829466631,2.810228106,2.796216495,2.785215851,2.770972731,2.749133336,2.721702392,2.693460493,2.663267627,2.628000717,2.586490296,2.543269276,2.502176268,2.456844301,2.40389585,2.347229952,2.295193566,2.259538245,2.242684475,2.234958506,2.184957529
ISR,2.145922747,2.020610224,1.951981261,1.90077932,1.852194851,1.80342651,1.756851722,1.713502399,1.674761347,1.632653061,1.590077914,1.553036186,1.522070015,1.494835344,1.468644441,1.442980621,1.417695677,1.392738263,1.36821366,1.335898258,1.31171625,1.287680758
KAZ,0.61169562,0.607884259,0.608305986,0.612354159,0.621303287,0.632286054,0.641935286,0.652158189,1.327025528,3.349314957,3.359396427,3.365114597,6.729951542,6.707349424,6.660900991,6.601954746,6.532495737,6.458199433,7.017992026,6.835065701,7.351460524,7.246956218
KGZ,2.277281836,2.240344117,2.214643221,2.214005801,2.21479037,2.192790106,2.160573848,2.12929052,2.096875655,2.065944963,2.041482933,2.022203798,2.003726932,1.982828703,1.95897898,1.937008484,1.916296183,3.796218966,3.760317371,9.287983207,9.177848345,9.06684075
LAO,2.355979004,2.288360939,2.223295827,2.161759724,2.10475713,2.052767623,2.005377621,1.962044639,1.92274488,1.887452705,3.711758908,3.656194169,3.606693663,8.898271226,8.773296612,8.634615205,8.480426328,8.314932388,8.144480477,7.97706689,7.817736662,7.667166464
LVA,3.754950433,3.772757746,3.825060111,3.901236302,3.967085882,4.024054186,4.069636362,4.110403802,4.149344881,4.183256766,8.428203297,8.492529334,8.552037437,21.50221344,21.61863942,21.73429219,21.85364353,21.96740038,22.06439803,22.17458137,44.66263631,48.58652093
LBN,3.69956704,3.633096492,3.543751869,3.447251196,3.361743427,3.296624323,3.256285282,3.233401817,3.211289352,3.167859154,3.090827044,2.978317846,2.844461435,2.709946316,2.594988247,5.016472843,4.902173452,4.831136092,4.777730425,4.709290771,4.607135716,4.563303284
LSO,6.259647682,12.28576694,30.11395119,59.0507358,75.35716397,131.1420074,207.9589837,305.2708057,422.7032256,543.5931836,700.3461326,801.4961261,901.6238245,1000.654639,1098.313722,1142.356286,1133.779252,1073.738204,912.6868029,804.0714156,796.4474462,689.8196417
LTU,2.704282881,2.69968635,2.702619433,2.715463178,2.734374146,2.755502601,2.776533736,2.797095608,2.817432356,2.837492814,2.857521683,2.872496763,2.882616955,2.895022154,2.910707357,2.928854607,2.946304774,2.962420511,2.977861092,2.994499703,3.042454409,3.300141609
LUX,26.18829383,25.83979328,25.49882068,25.15881502,24.81851461,24.47231569,24.14146901,23.84074383,23.54603249,23.23015274,22.92000917,22.64877414,22.41273043,22.14201891,21.82953318,21.49807162,21.1578865,20.83363716,20.46454518,20.08907496,19.72569449,19.29209584
MDV,46.32653723,45.0525538,43.88601923,42.80620348,41.79012165,40.82215827,39.89483721,39.00962367,38.17187267,37.38932759,36.66428349,35.99388104,35.36780751,34.77124001,34.18744979,33.60486061,33.02237266,32.44235804,31.86306529,31.28323844,30.70366663,30.12374836
MLT,28.23502838,27.95427798,27.68089465,27.41949636,27.17827043,26.99543507,26.83216748,26.649895,26.48894351,26.36018558,26.22173625,25.44347985,25.25450225,25.08894029,24.92100043,24.76246604,24.60581485,24.44688913,24.27479063,24.15511448,24.03875047,23.99946241
MUS,9.444877335,9.343471623,9.221340765,9.112663504,8.985969308,8.90902725,8.818373257,17.41729398,17.23512415,17.01740966,42.12750648,41.67079902,41.3156216,40.88939337,40.53880942,80.43415138,79.82769989,79.33970325,78.8292283,78.42940412,78.0686442,77.75741398
MDA,2.705627706,2.698327037,2.696144513,2.699055331,2.707092583,2.721015135,5.452937334,5.464996017,13.68823833,13.70990231,27.47563735,27.53713382,27.6009858,27.67883364,27.74745597,30.59650388,30.67895312,30.75285219,30.81140145,30.85032181,28.07362702,28.08356884
MNG,4.57842126,4.508694341,4.457271481,4.418475591,4.384966755,4.351490799,4.31667471,4.281329593,4.245170482,4.20840528,4.171058444,4.132796676,4.092940864,4.050887246,4.006012223,3.958041593,3.907019194,3.85346357,3.798188568,3.742202653,3.686312501,3.630806522
MAR,0.405268917,0.397961419,0.39108847,0.769220562,0.756964767,0.745348291,1.835728041,1.809475216,1.784848316,1.762164033,1.741546005,3.445762119,3.411636882,3.379869974,3.349430697,3.31945304,3.290004306,3.586907475,3.876576147,4.156466804,4.740480799,4.99073221
NPL,0.552144529,0.538519056,0.524910163,0.511469708,0.498370006,0.971479452,0.947181781,2.309756341,2.254747608,4.407197165,4.313286601,5.918380711,7.467992805,9.785722443,12.03760065,14.62909819,16.38446187,18.11173802,18.66708481,18.45925983,17.87974797,16.93893738
NZL,3.003183374,2.861148465,2.831497579,2.799395331,2.762430939,2.722273643,2.679528403,2.644593129,2.621231979,2.607493938,2.592218161,2.576987502,2.532607319,2.483114819,2.44648318,2.419023198,2.389714668,2.365016673,2.342523835,2.317067519,2.289482119,2.270044493
NIC,2.416750206,2.360074711,2.302916944,2.247003677,2.194365965,2.146172366,2.102328308,2.062165207,2.025390293,3.983207593,3.920861335,3.863476337,3.810556652,3.760898614,3.713124726,9.165534876,9.049893329,3.574279698,3.528592094,8.705752361,8.587805762,8.467191158
NOR,2.357671498,2.346463832,2.332959515,2.319114302,2.305947061,2.294007319,2.282408836,2.270066651,2.256590599,2.241191166,2.226691935,2.215452292,2.203536721,2.190650086,2.177743031,2.162961406,2.145611035,2.123524124,2.097222187,2.070939623,2.045302635,2.018942526
PAK,0.090016391,0.087543312,0.085257783,0.083100153,0.081003843,0.078933092,0.153747164,0.149703409,0.145837127,0.355668363,0.347627754,0.340467069,0.668030857,0.656081991,0.644531753,0.759631102,0.93222249,1.159043108,1.437056193,1.763730653,2.194637731,2.724697377
PNG,2.405058511,4.692856089,11.44403854,11.16010895,10.879591,21.20472976,20.65680373,20.11739304,19.59049595,22.89665157,26.0260491,28.99091153,30.03391889,32.73998148,33.62214193,34.44905059,33.62261053,31.26161076,27.47723702,20.88047287,17.49540199,15.68520758
PHL,0.161423919,0.157538743,0.153854422,0.150337316,0.146949029,0.143664663,0.14047959,0.137398633,0.134420984,0.131547781,0.128779936,0.252213947,0.247054944,0.24211703,0.237441344,0.582606534,0.572301262,0.562584435,0.553273077,0.544150168,0.53507799,0.526019906
QAT,20.98561017,20.61307405,20.4245863,20.3253685,20.19769504,19.95394629,19.51310891,18.88606227,18.16969404,17.47778137,16.84372226,16.34499712,15.87944327,15.14605339,13.8815047,12.17790952,10.33482775,8.677098274,7.357734524,6.393526682,,
ROM,0.431000393,0.434760776,0.438706476,0.878608004,0.879886245,2.204170555,2.210530579,2.216903821,2.221497126,0.889994856,0.891147611,0.903670121,0.917299531,2.299695065,2.305752992,2.311137218,2.316137372,2.320522333,4.648217766,4.655406573,4.664614019,2.338105813
STP,85.18250351,83.22652596,81.34776985,79.60008915,78.04268935,76.70005676,75.57265177,74.61071858,73.71913011,72.78232263,71.72160542,70.53031746,69.2295444,67.81730019,66.29453335,64.6767778,62.96991298,61.20325601,59.43430429,57.72338952,56.10790673,54.59200664
SLE,2.473607841,2.467151725,2.480324823,2.50536524,2.530656371,5.092810098,5.102420895,12.72811001,12.62030622,12.4055842,24.15600722,23.27927188,24.48227228,29.70656492,34.49552826,39.0633011,41.65949461,46.15939948,48.80571511,49.63498784,46.94039057,44.32706486
SGP,3.281916639,3.189690919,3.095304423,3.017956843,2.924831822,2.837281884,5.448552047,5.268703899,2.546343451,2.526081795,2.482683284,4.833252779,4.789272031,4.860503548,4.7999616,4.688452342,4.544008724,4.358627904,4.132743729,4.009944663,3.939567042,3.85824797
SVK,1.887081924,1.885620522,1.885008452,1.877826716,1.870441617,1.864976103,1.861032601,1.857599747,1.855109975,1.853217742,1.855728262,1.859127582,1.859062259,1.858871847,1.857894136,1.856320428,1.854802706,1.852772062,1.849582346,1.845498552,1.84158705,1.852406202
SVN,5.004601731,5.001427908,5.008770357,5.020720514,5.026532552,5.025448873,5.028592577,5.035358286,5.046353278,5.042749912,5.027841673,5.019929119,5.013712504,5.010690308,5.007481177,4.998815281,4.98288876,4.955101822,4.947271975,4.902756281,4.881422915,4.871293129
LKA,0.587716721,0.579139399,0.573855159,0.566700669,0.558940249,0.551389502,0.545375218,0.538560965,0.532367973,0.524769102,1.047010784,1.063999574,1.057026584,1.043133573,1.029071263,1.018122582,1.00715077,2.495134488,2.473166147,2.444987775,2.420955793,2.395898222
SUR,24.58427983,48.43975548,47.76689754,117.8339296,116.2877237,114.737847,226.380582,223.3284424,220.3031371,217.289745,214.285102,211.277128,208.2903734,205.3949025,202.6777788,200.1909822,197.9468948,195.9120982,97.01730012,96.12186715,95.24535203,94.38218366
SWE,1.168383314,1.160446192,2.307319498,2.293956537,2.27771106,5.664477799,2.262188047,2.260893039,2.259638318,1.128939066,1.127127721,1.124105774,1.120453452,1.116292071,1.111910328,1.107472204,1.101260337,1.093124118,1.084641402,1.075440541,1.066311116,1.058289193
TJK,1.887759128,1.845851467,1.810542317,1.780374117,1.753582701,1.728808695,1.705801448,3.368604305,3.326163787,3.281560697,8.082568938,7.949959773,7.807476377,7.657426348,7.50308114,7.346831422,14.37913346,14.06267029,13.74522834,13.42751211,13.11075467,12.79615092
TTO,8.183948985,8.130702672,8.080899501,16.07187342,15.99595622,39.8406057,39.73409941,39.66122964,39.60258019,79.06507134,78.86559725,78.59491161,78.26422472,77.88962728,77.49661146,77.10498538,76.71782723,76.33354707,75.96192484,75.61333759,75.29581845,75.01414017
TUN,1.226331796,1.202183165,1.177870175,1.155081202,1.134378474,1.116382919,1.100194734,1.085187195,1.071432398,1.057540795,1.045642286,1.033741317,1.022296282,1.016280819,1.006806009,0.997108386,0.987371518,0.977985545,0.968157306,0.957891107,0.947948166,0.936873466
TUR,0.185203688,0.182112101,0.179162746,0.176326188,0.173570608,0.170874976,0.168229796,0.165638567,0.163110307,0.160658626,0.158291758,0.156005517,0.153793391,0.151657008,0.149598399,0.295233229,0.291433302,0.143892112,0.142119116,0.14036845,0.138624067,0.136876354
UKR,0.192707932,0.192305955,0.191753577,0.191647211,0.385200287,0.970641989,1.958588046,2.767120793,5.185073301,8.656553264,13.01451893,18.48661785,24.89497433,31.37225375,37.93338897,42.45820255,44.88354324,49.45242193,49.72091435,49.94213227,50.14093964,48.13361893
URY,3.215495085,3.192913265,3.169916729,3.146764795,3.123794411,3.101368541,6.158422335,6.115181274,15.18982573,15.11083495,15.05642697,15.02962941,15.02629602,30.07147086,30.08584696,30.07378603,30.02807325,29.95461277,29.86056906,29.75808758,29.65614882,29.55531662
VNM,0.151476823,0.148715691,0.146091825,0.143586356,0.141194078,0.13889757,0.13669288,0.269154009,0.662635194,1.305539273,1.545776231,2.671042088,4.274648693,6.213619259,8.472734372,10.68045416,12.00292871,13.06086005,12.92258315,12.78698053,12.65349553,12.52276867
YEM,0.848158508,0.807458136,0.766815007,0.728500476,0.694602659,0.665858714,1.283809113,1.243161137,1.207420687,2.93504206,2.853468079,2.773157543,5.390525225,5.240731426,5.098738083,4.965326874,5.323856482,5.665144096,5.989797716,6.297902011,6.589638768,6.865713425
